{
	"textures": {
		"main": "gui/displays/super_effective_help"
	},
	"elements": [
		{
			"from": [0, 0, 16],
			"to": [16, 16, 16],
			"faces": {
				"north": {"uv": [0, 0, 16, 16], "texture": "#main"},
				"east": {"uv": [0, 0, 0, 0], "texture": "#main"},
				"south": {"uv": [0, 0, 16, 16], "texture": "#main"},
				"west": {"uv": [0, 0, 0, 0], "texture": "#main"},
				"up": {"uv": [0, 0, 0, 0], "texture": "#main"},
				"down": {"uv": [0, 0, 0, 0], "texture": "#main"}
			}
		}
	],
	"display": {
		"thirdperson_righthand": {
			"scale": [0.0001, 0.0001, 0.0001]
		},
		"thirdperson_lefthand": {
			"scale": [0.0001, 0.0001, 0.0001]
		},
		"firstperson_righthand": {
			"scale": [0.0001, 0.0001, 0.0001]
		},
		"firstperson_lefthand": {
			"scale": [0.0001, 0.0001, 0.0001]
		},
		"gui": {
			"translation": [15, -2, 6.25],
			"scale": [4, 4, 1]
		},
		"fixed": {
			"scale": [0.0001, 0.0001, 0.0001]
		}
	},"gui_light":"front"
}