{
  "species": "cobblemon:necrozma",
  "order": 1,
  "variations": [
    {
      "aspects": ["dusk-mane"],
      "poser": "genomons:necrozma_duskmane",
      "model": "genomons:necrozma_dusk_mane.geo",
      "texture": "genomons:textures/pokemon/0800_necrozma/duskmane/necrozma_duskmane.png",
      "layers": [
        {
					"name": "emissive1",
          "emissive": true,
					"texture": "genomons:textures/pokemon/0800_necrozma/duskmane/necrozma_duskmane_emissive.png",
          "translucent": true
				  },
          {
            "name": "stuff",
            "texture": "genomons:textures/pokemon/0800_necrozma/duskmane/necrozma_duskmane_translucent.png",
            "translucent": true
          }
      ]
    },
    {
      "aspects": ["dusk-mane", "shiny"],
      "texture": "genomons:textures/pokemon/0800_necrozma/duskmane/necrozma_duskmane_shiny.png",
      "layers": [
        {
					"name": "emissives1",
          "emissive": true,
					"texture": "genomons:textures/pokemon/0800_necrozma/duskmane/necrozma_duskmane_emissive.png",
          "translucent": true
				  },
          {
            "name": "stuff",
            "texture": "genomons:textures/pokemon/0800_necrozma/duskmane/necrozma_duskmane_translucent.png",
            "translucent": true
          }
      ]
    }
  ]
}