{
  "providers": [
    {
      "type": "space",
      "advances": {
        " ": 4,
        "\u200c": 0
      }
    },
    {
      "file": "menus:icons/pokecoins.png",
      "chars": [
        "㐀"
      ],
      "height": 13,
      "ascent": 7,
      "type": "bitmap"
    },
    {
      "file": "8nameplates:icon/token.png",
      "chars": [
        "ᄊ"
      ],
      "height": 13,
      "ascent": 7,
      "type": "bitmap"
    },
    {
      "file": "8nameplates:icon/timer.png",
      "chars": [
        "了"
      ],
      "height": 13,
      "ascent": 6,
      "type": "bitmap"
    },
    {
      "file": "8nameplates:icon/sword.png",
      "chars": [
        "ᄒ"
      ],
      "height": 9,
      "ascent": 4,
      "type": "bitmap"
    },
    {
      "file": "8nameplates:icon/earth.png",
      "chars": [
        "회"
      ],
      "height": 9,
      "ascent": 4,
      "type": "bitmap"
    },
    {
      "file": "menus:icons/pokegems.png",
      "chars": [
        "㐁"
      ],
      "height": 13,
      "ascent": 7,
      "type": "bitmap"
    },
    {
      "file": "8nameplates:icon/island.png",
      "chars": [
        "允"
      ],
      "height": 12,
      "ascent": 6,
      "type": "bitmap"
    },
    {
      "file": "8nameplates:icon/potion.png",
      "chars": [
        "课"
      ],
      "height": 11,
      "ascent": 5,
      "type": "bitmap"
    },
    {
      "file": "8nameplates:icon/fly.png",
      "chars": [
        "检"
      ],
      "height": 11,
      "ascent": 5,
      "type": "bitmap"
    },
    {
      "file": "8nameplates:icon/prime.png",
      "chars": [
        "ば"
      ],
      "height": 11,
      "ascent": 5,
      "type": "bitmap"
    },
		{
			"type": "bitmap",
			"file": "minecraft:gui/displays/battlepoints.png",
      "height": 16,
      "ascent": 8,
			"chars": [
				"ꂷ"
			]
		},    
    {
      "file": "8nameplates:icon/info.png",
      "chars": [
        "ㅁ"
      ],
      "height": 9,
      "ascent": 5,
      "type": "bitmap"
    }
  ]
}