{
  "species": "cobblemon:pawniard_override",
  "order": 1,
  "baseScale": 0.75,
  "hitbox": {
    "width": 0.5,
    "height": 2,
    "fixed": false
  },
  "variations": [
    {
      "aspects": [],
      "poser": "cobblemon_reanimodel:pawniard",
      "model": "cobblemon_reanimodel:pawniard.geo",
      "texture": "cobblemon_reanimodel:textures/pokemon/pawniard/pawniard.png",
      "layers": [
      ] 
    },
    {
      "aspects": ["shiny"],
      "texture": "cobblemon_reanimodel:textures/pokemon/pawniard/pawniard_shiny.png",
      "layers": [
       
      ]
    }
  ]
}