{
	"format_version": "1.12.0",
	"minecraft:geometry": [
		{
			"description": {
				"identifier": "geometry.unknown",
				"texture_width": 256,
				"texture_height": 256,
				"visible_bounds_width": 6,
				"visible_bounds_height": 9.5,
				"visible_bounds_offset": [0, 4.25, 0]
			},
			"bones": [
				{
					"name": "all",
					"pivot": [0, 0, 0],
					"cubes": [
						{"origin": [-8, 40, -8], "size": [16, 4, 16], "pivot": [0, 40, 0], "rotation": [0, 45, 0], "uv": [0, 55]},
						{"origin": [-1, 0, -3.05025], "size": [9, 4, 9], "pivot": [0, 0, 4.94975], "rotation": [0, 45, 0], "uv": [0, 75]},
						{"origin": [1, 4, -0.46447], "size": [3, 37, 3], "pivot": [0, 4, 3.53553], "rotation": [0, 45, 0], "uv": [64, 63]}
					]
				},
				{
					"name": "bone",
					"parent": "all",
					"pivot": [0, 88, 0],
					"cubes": [
						{"origin": [-6.36396, 116.43986, -2], "size": [12.75, 4, 4], "uv": [76, 63]},
						{"origin": [-6.36396, 53.45711, -2], "size": [12.75, 4, 4], "uv": [76, 63]},
						{"origin": [-35.35534, 82.44848, -2], "size": [4, 9, 4], "uv": [76, 75]},
						{"origin": [31.35534, 82.44848, -2], "size": [4, 9, 4], "uv": [76, 75]},
						{"origin": [6.65685, 117.14697, -1.9975], "size": [41, 4, 4.005], "pivot": [5.65685, 121.14697, 6], "rotation": [0, 0, 45], "uv": [0, 47]},
						{"origin": [6.65685, 52.85303, -1.9975], "size": [41, 4, 4.005], "pivot": [5.65685, 52.85303, 6], "rotation": [0, 0, -45], "uv": [0, 47]},
						{"origin": [-47.65685, 52.85303, -1.9975], "size": [41, 4, 4.005], "pivot": [-5.65685, 52.85303, 6], "rotation": [0, 0, 45], "uv": [0, 47]},
						{"origin": [-47.65685, 117.14697, -1.9975], "size": [41, 4, 4.005], "pivot": [-5.65685, 121.14697, 6], "rotation": [0, 0, -45], "uv": [0, 47]}
					]
				},
				{
					"name": "bone2",
					"parent": "bone",
					"pivot": [23.01041, 111.64697, 6],
					"cubes": [
						{"origin": [8.01041, 125.39697, 0], "size": [37, 4, 0], "pivot": [6.01041, 122.39697, 6], "rotation": [0, 0, 45], "uv": [64, 55]}
					]
				},
				{
					"name": "bone3",
					"parent": "bone",
					"pivot": [-2.1434, 121.64697, 6],
					"cubes": [
						{"origin": [-9.92157, 125.42514, -0.25], "size": [13, 4, 0], "uv": [36, 75]},
						{"origin": [-31.1434, 128.64697, -0.25], "size": [29, 4, 0], "pivot": [-2.1434, 121.64697, 6], "rotation": [0, 0, -45], "uv": [64, 59]}
					]
				},
				{
					"name": "bone4",
					"parent": "bone",
					"pivot": [-30.98959, 70.64697, -1],
					"cubes": [
						{"origin": [8.01041, 57.39697, 0], "size": [17, 4, 0], "pivot": [6.01041, 122.39697, 6], "rotation": [0, 0, 45], "uv": [76, 71]}
					]
				},
				{
					"name": "milieu",
					"parent": "bone",
					"pivot": [0, 88, 0],
					"cubes": [
						{"origin": [-23.5, 64.39697, 0], "size": [47, 47, 0], "uv": [0, 0]}
					]
				}
			]
		}
	]
}