{
    "species": "cobblemon:meowstic",
    "order": 0,
    "variations": [
      {
        "aspects": ["male"],
        "poser": "cobblemon:meowstic_m",
        "model": "cobblemon:meowstic_m.geo",
        "texture": "cobblemon:textures/pokemon/meowstic/meowstic_m.png",
        "layers": [
          {
            "name": "meowstic_glow_m",
            "emissive": true,
            "translucent": true,
            "texture": "cobblemon:textures/pokemon/meowstic/meowstic_glow_m.png"
          }
        ]},
      {
        "aspects": [ "male", "shiny" ],
        "texture": "cobblemon:textures/pokemon/meowstic/meowstic_m_shiny.png",
        "layers": [
          {
                "name": "meowstic_glow_m",
                "emissive": true,
                "translucent": true,
                "texture": "cobblemon:textures/pokemon/meowstic/meowstic_glow_m.png"
          }
        ]  }
    ]
  }