{
	"format_version": "1.8.0",
	"animations": {
		"animation.sachatte.idle": {
			"loop": true,
			"animation_length": 5,
			"bones": {
				"Head": {
					"rotation": {
						"0.0": {
							"post": [0, -7.5, 0],
							"lerp_mode": "catmullrom"
						},
						"0.3333": {
							"post": [-9.9136, -0.11264, -1.29876],
							"lerp_mode": "catmullrom"
						},
						"0.625": {
							"post": [-9.9136, -0.11264, -1.29876],
							"lerp_mode": "catmullrom"
						},
						"1.0": {
							"post": [0, -7.5, 0],
							"lerp_mode": "catmullrom"
						},
						"3.0": {
							"post": [0, -7.5, 0],
							"lerp_mode": "catmullrom"
						},
						"5.0": {
							"post": [0, -7.5, 0],
							"lerp_mode": "catmullrom"
						}
					}
				},
				"bone3": {
					"rotation": {
						"0.0": {
							"post": [-15.7661, 67.47917, -12.9238],
							"lerp_mode": "catmullrom"
						},
						"0.25": {
							"post": [-15.77, 67.48, -12.92],
							"lerp_mode": "catmullrom"
						},
						"0.625": {
							"post": [-43.26843, 55.75317, -74.24452],
							"lerp_mode": "catmullrom"
						},
						"1.0": {
							"post": [-15.77, 67.48, -12.92],
							"lerp_mode": "catmullrom"
						},
						"2.0": {
							"post": [-12.08879, 60.1962, -8.82723],
							"lerp_mode": "catmullrom"
						},
						"3.0": {
							"post": [-15.77, 67.48, -12.92],
							"lerp_mode": "catmullrom"
						},
						"4.0": {
							"post": [-12.08879, 60.1962, -8.82723],
							"lerp_mode": "catmullrom"
						},
						"5.0": {
							"post": [-15.77, 67.48, -12.92],
							"lerp_mode": "catmullrom"
						}
					},
					"position": {
						"0.0": {
							"post": [3, 4.525, -5.775],
							"lerp_mode": "catmullrom"
						},
						"0.25": {
							"post": [4, 10.9, -6],
							"lerp_mode": "catmullrom"
						},
						"0.625": {
							"post": [4, 14.9, -6],
							"lerp_mode": "catmullrom"
						},
						"1.0": {
							"post": [3, 4.525, -5.775],
							"lerp_mode": "catmullrom"
						},
						"2.0": {
							"post": [3.675, 5.2, -5.07],
							"lerp_mode": "catmullrom"
						},
						"3.0": {
							"post": [3, 4.525, -5.775],
							"lerp_mode": "catmullrom"
						},
						"4.0": {
							"post": [3.675, 5.2, -5.07],
							"lerp_mode": "catmullrom"
						},
						"5.0": {
							"post": [3, 4.525, -5.775],
							"lerp_mode": "catmullrom"
						}
					}
				},
				"RightArm": {
					"rotation": {
						"0.0": {
							"post": [3.28428, 19.38913, 10.35374],
							"lerp_mode": "catmullrom"
						},
						"0.3333": {
							"post": [10.78428, 19.38913, 10.35374],
							"lerp_mode": "catmullrom"
						},
						"0.6667": {
							"post": [10.78428, 19.38913, 10.35374],
							"lerp_mode": "catmullrom"
						},
						"1.0": {
							"post": [3.28428, 19.38913, 10.35374],
							"lerp_mode": "catmullrom"
						},
						"2.0": {
							"post": [5.87544, 18.78926, 18.26546],
							"lerp_mode": "catmullrom"
						},
						"3.0": {
							"post": [3.28428, 19.38913, 10.35374],
							"lerp_mode": "catmullrom"
						},
						"4.0": {
							"post": [5.87544, 18.78926, 18.26546],
							"lerp_mode": "catmullrom"
						},
						"5.0": {
							"post": [3.28428, 19.38913, 10.35374],
							"lerp_mode": "catmullrom"
						}
					}
				},
				"LeftArm": {
					"rotation": {
						"0.0": {
							"post": [-40.6469, -14.0761, 5.23619],
							"lerp_mode": "catmullrom"
						},
						"0.3333": {
							"post": [-82.58576, -15.17129, 12.90471],
							"lerp_mode": "catmullrom"
						},
						"0.6667": {
							"post": [-80.6469, -14.0761, 5.23619],
							"lerp_mode": "catmullrom"
						},
						"1.0": {
							"post": [-40.6469, -14.0761, 5.23619],
							"lerp_mode": "catmullrom"
						},
						"2.0": {
							"post": [-39.57221, -17.29869, 1.26463],
							"lerp_mode": "catmullrom"
						},
						"3.0": {
							"post": [-40.6469, -14.0761, 5.23619],
							"lerp_mode": "catmullrom"
						},
						"4.0": {
							"post": [-39.57221, -17.29869, 1.26463],
							"lerp_mode": "catmullrom"
						},
						"5.0": {
							"post": [-40.6469, -14.0761, 5.23619],
							"lerp_mode": "catmullrom"
						}
					}
				},
				"RightLeg": {
					"rotation": {
						"0.0": {
							"post": [0.78795, 17.48281, 2.62116],
							"lerp_mode": "catmullrom"
						},
						"0.5": {
							"post": [0.84715, 27.4818, 2.77538],
							"lerp_mode": "catmullrom"
						},
						"1.0": {
							"post": [0.78795, 17.48281, 2.62116],
							"lerp_mode": "catmullrom"
						},
						"3.0": {
							"post": [0.78795, 17.48281, 2.62116],
							"lerp_mode": "catmullrom"
						},
						"5.0": {
							"post": [0.78795, 17.48281, 2.62116],
							"lerp_mode": "catmullrom"
						}
					}
				},
				"LeftLeg": {
					"rotation": {
						"0.0": {
							"post": [-1.5883, -20.08919, -2.65953],
							"lerp_mode": "catmullrom"
						},
						"0.5": {
							"post": [-1.72394, -30.08504, -2.34083],
							"lerp_mode": "catmullrom"
						},
						"1.0": {
							"post": [-1.5883, -20.08919, -2.65953],
							"lerp_mode": "catmullrom"
						},
						"3.0": {
							"post": [-1.5883, -20.08919, -2.65953],
							"lerp_mode": "catmullrom"
						},
						"5.0": {
							"post": [-1.5883, -20.08919, -2.65953],
							"lerp_mode": "catmullrom"
						}
					}
				},
				"bust": {
					"rotation": {
						"0.0": {
							"post": [0, -10, 0],
							"lerp_mode": "catmullrom"
						},
						"0.3333": {
							"post": [-5, -15, 0],
							"lerp_mode": "catmullrom"
						},
						"1.0": {
							"post": [0, -10, 0],
							"lerp_mode": "catmullrom"
						},
						"2.0": {
							"post": [-5.5, -10, 0],
							"lerp_mode": "catmullrom"
						},
						"3.0": {
							"post": [0, -10, 0],
							"lerp_mode": "catmullrom"
						},
						"4.0": {
							"post": [-5.5, -10, 0],
							"lerp_mode": "catmullrom"
						},
						"5.0": {
							"post": [0, -10, 0],
							"lerp_mode": "catmullrom"
						}
					}
				}
			}
		}
	}
}