{
  "portraitScale": 2.1,
  "portraitTranslation": [-0.2, 0.2, 0.0],
  "profileScale": 0.8,
  "profileTranslation": [0.0, 0.6, 0.0],
  "animations": {
  
  },
  "poses": {
    "battle-standing": {
      "transformTicks": 10,
      "poseTypes": ["STAND", "WALK"],
      "isBattle": true,
      "animations": [
        "q.look('head')",
        "q.bedrock('excadrill', 'ground_idle')"
        
      ]
    },
    "standing": {
      "transformTicks": 10,
      "poseTypes": ["STAND", "NONE", "PORTRAIT", "PROFILE"],
      "isBattle": false,
      "animations": [
        "q.look('head')",
        "q.bedrock('excadrill', 'ground_idle')"
      ]
    },
    "walking": {
      "transformTicks": 8,
      "poseTypes": ["WALK"],
      "animations": [
        "q.look('head')",
        "q.bedrock('excadrill', 'ground_walk')"
      ]
    },
    "hover": {
      "transformTicks": 5,
      "poseTypes": [ "FLY", "HOVER", "FLOAT" ],
      "animations": [
        "q.look('head')",
        "q.bedrock('excadrill', 'ground_idle')"
       ]
    },
    "float": {
      "transformTicks": 5,
      "poseTypes": ["FLOAT"],
      "animations": [
        "q.look('head')",
        "q.bedrock('excadrill', 'ground_idle')"
      ]
    },
    "swim": {
      "transformTicks": 8,
      "poseTypes": ["SWIM"],
      "animations": [
        "q.look('head')",
        "q.bedrock('excadrill', 'ground_walk')"
      ]
    }
  }
}