{
  "portraitScale": 0.8,
  "portraitTranslation": [-1.54,2.73, 0],
  "profileScale": 0.2,
  "profileTranslation": [0, 1.6, -20],
  "animations": {
    "physical": "q.bedrock_primary('giratina_origin', 'physical', q.curve('symmetrical_wide'))",
    "special": "q.bedrock_primary('giratina_origin', 'special', q.curve('symmetrical_wide'))",
    "status": "q.bedrock_primary('giratina_origin', 'special', q.curve('symmetrical_wide'))",
    "recoil":"q.bedrock_stateful('giratina_origin', 'recoil')"
   

    
  },
  "poses": {
    "battle-standing": {
      "transformTicks": 10,
      "poseTypes": ["STAND", "WALK"],
      "isBattle": true,
      "animations": [
        "q.look('head')",
        "q.bedrock('giratina_origin', 'ground_idle')"
      ]
    },
    "standing": {
      "transformTicks": 10,
      "poseTypes": ["STAND", "NONE", "PORTRAIT", "PROFILE"],
      "isBattle": false,
      "animations": [
        "q.look('head')",
        "q.bedrock('giratina_origin', 'ground_idle')"
      ]
    },
    "walking": {
      "transformTicks": 8,
      "poseTypes": ["WALK"],
      "animations": [
        "q.look('head')",
        "q.bedrock('giratina_origin', 'ground_fly')"
      ]
    },
    "hover": {
      "transformTicks": 5,
      "poseTypes": [ "HOVER", "FLOAT" ],
      "animations": [
        "q.look('head')",
        "q.bedrock('giratina_origin', 'ground_idle')"
       ]
    },
    "flying": {
      "transformTicks": 5,
      "poseTypes": [ "FLY" ],
      "animations": [
        "q.look('head')",
        "q.bedrock('giratina_origin', 'ground_fly')"
       ]
    },
    "float": {
      "transformTicks": 5,
      "poseTypes": ["FLOAT"],
      "animations": [
        "q.look('head')",
        "q.bedrock('giratina_origin', 'ground_idle')"
      ]
    },
    "swim": {
      "transformTicks": 8,
      "poseTypes": ["SWIM"],
      "animations": [
        "q.look('head')",
        "q.bedrock('giratina_origin', 'ground_fly')"
      ]
    }
  }
}