{
	"credit": "Made with Blockbench",
	"parent": "minecraft:item/fishing_rod",
	"textures": {
		"layer0": "items:rods/goodrod"
	},
	"display": {
		"thirdperson_righthand": {
			"rotation": [-79.73, 83.25, 109.1],
			"translation": [0.25, 3, 0.5]
		},
		"thirdperson_lefthand": {
			"rotation": [-10.05, -85.29, -31.3],
			"translation": [0.75, 2.5, 0]
		},
		"firstperson_righthand": {
			"rotation": [0, 90, 25],
			"translation": [1.13, 3.2, 1.13],
			"scale": [0.68, 0.68, 0.68]
		},
		"firstperson_lefthand": {
			"rotation": [0, -90, -25],
			"translation": [1.13, 3.2, 1.13],
			"scale": [0.68, 0.68, 0.68]
		},
		"ground": {
			"translation": [0, 3.75, 0]
		}
	}
}