{
	"format_version": "1.12.0",
	"minecraft:geometry": [
		{
			"description": {
				"identifier": "geometry.unknown",
				"texture_width": 128,
				"texture_height": 256,
				"visible_bounds_width": 5,
				"visible_bounds_height": 2.5,
				"visible_bounds_offset": [0, 0.75, 0]
			},
			"bones": [
				{
					"name": "tinkaton",
					"pivot": [0, 0, 0]
				},
				{
					"name": "body_hammer",
					"parent": "tinkaton",
					"pivot": [0, 7, 0]
				},
				{
					"name": "torso_hammer",
					"parent": "body_hammer",
					"pivot": [0, 4, 0]
				},
				{
					"name": "arm_hammer_right",
					"parent": "torso_hammer",
					"pivot": [-1.5, 6.5, 0]
				},
				{
					"name": "hand_hammer_right",
					"parent": "arm_hammer_right",
					"pivot": [-4.5, 6.5, 1.5]
				},
				{
					"name": "hammer",
					"parent": "hand_hammer_right",
					"pivot": [-8, 5.125, -0.5]
				},
				{
					"name": "hammer_handle",
					"parent": "hammer",
					"pivot": [-8, 5.375, -15.75],
					"cubes": [
						{"origin": [-8.5, 3.25, -47], "size": [0, 3, 36], "inflate": -0.001, "uv": [56, 95]},
						{"origin": [-9.5, 2.25, -11], "size": [2, 5, 3], "uv": [62, 217]},
						{"origin": [-9, 3.25, -8], "size": [1, 3, 14], "uv": [36, 213]}
					]
				},
				{
					"name": "hammer_middle",
					"parent": "hammer_handle",
					"pivot": [-8.8, 5.25, -29]
				},
				{
					"name": "body",
					"parent": "tinkaton",
					"pivot": [0, 7, 0]
				},
				{
					"name": "torso",
					"parent": "body",
					"pivot": [0, 4, 0],
					"cubes": [
						{"origin": [-2, 6.5, -1.5], "size": [4, 3, 3], "inflate": 0.001, "uv": [88, 43]},
						{"origin": [-2.5, 3, -2], "size": [5, 4, 4], "uv": [0, 0]}
					]
				},
				{
					"name": "dress",
					"parent": "torso",
					"pivot": [0, 0, 0],
					"cubes": [
						{"origin": [-3, 0, -3], "size": [6, 7, 0], "pivot": [0, 0, -2], "rotation": [-5, 0, 0], "uv": [0, 152]},
						{"origin": [-2, 2, 3], "size": [4, 6, 0], "pivot": [0, 3, 2], "rotation": [12.5, 0, 0], "uv": [10, 199]},
						{"origin": [0, 6, -3], "size": [4, 2, 1], "pivot": [2, 6, -2], "rotation": [0, 15, -20], "uv": [23, 237]},
						{"origin": [-4, 6, -3], "size": [5, 2, 1], "pivot": [-2, 6, -2], "rotation": [-3.96713, -14.47751, 35.50409], "uv": [34, 236], "mirror": true}
					]
				},
				{
					"name": "skirt_front_right",
					"parent": "torso",
					"pivot": [-1.75, 3, -1.25],
					"rotation": [30, 45, 0]
				},
				{
					"name": "skirt_front_left",
					"parent": "torso",
					"pivot": [1.75, 3, -1.25],
					"rotation": [30, -45, 0]
				},
				{
					"name": "skirt_back_left",
					"parent": "torso",
					"pivot": [1.75, 3, 1.25],
					"rotation": [-30, 45, 0],
					"cubes": [
						{"origin": [0.25, 3, 1.25], "size": [3, 0, 3], "uv": [36, 42]}
					]
				},
				{
					"name": "skirt_back_right",
					"parent": "torso",
					"pivot": [-1.75, 3, 1.25],
					"rotation": [-30, -45, 0],
					"cubes": [
						{"origin": [-3.25, 3, 1.25], "size": [3, 0, 3], "uv": [36, 39]}
					]
				},
				{
					"name": "head",
					"parent": "torso",
					"pivot": [0, 7.75, 0],
					"cubes": [
						{"origin": [-3.5, 7.75, -3.5], "size": [7, 7, 7], "uv": [73, 20]},
						{"origin": [-3.5, 9.25, -4], "size": [0, 6, 8], "inflate": 0.01, "uv": [24, 42]},
						{"origin": [3.5, 9.25, -4], "size": [0, 6, 8], "inflate": 0.01, "uv": [0, 32]},
						{"origin": [-3.5, 8.25, 4], "size": [7, 7, 0], "inflate": 0.01, "uv": [88, 80]},
						{"origin": [-3.5, 11.25, -4], "size": [7, 4, 0], "inflate": 0.01, "uv": [28, 88]},
						{"origin": [-3.5, 15.25, -4], "size": [7, 0, 8], "inflate": 0.01, "uv": [17, 39]}
					]
				},
				{
					"name": "headdress",
					"parent": "head",
					"pivot": [0, 0, 0],
					"cubes": [
						{"origin": [2, 15, -2], "size": [4, 3, 0], "pivot": [3, 15, -1], "rotation": [0, -22.5, -30], "uv": [0, 217]},
						{"origin": [3, 12, -2], "size": [2, 5, 0], "pivot": [4, 15, -2], "rotation": [0, 0, -102.5], "uv": [10, 214]}
					]
				},
				{
					"name": "ear_left",
					"parent": "head",
					"pivot": [0, 14.75, 0],
					"rotation": [0, 0, 10],
					"cubes": [
						{"origin": [0, 14.75, -1], "size": [3, 6, 2], "uv": [0, 89]}
					]
				},
				{
					"name": "ear_left2",
					"parent": "head",
					"pivot": [3, 14.75, 0],
					"rotation": [0, 0, 20],
					"cubes": [
						{"origin": [3, 13.75, 0], "size": [2, 3, 0], "uv": [44, 78]}
					]
				},
				{
					"name": "ear_right",
					"parent": "head",
					"pivot": [0, 14.75, 0],
					"rotation": [0, 0, -10],
					"cubes": [
						{"origin": [-3, 14.75, -1], "size": [3, 6, 2], "uv": [88, 87]}
					]
				},
				{
					"name": "ear_right2",
					"parent": "head",
					"pivot": [-3, 14.75, 0],
					"cubes": [
						{"origin": [-5, 13.75, 0], "size": [2, 3, 0], "pivot": [-3, 14.75, -0.5], "rotation": [0, 0, -20], "uv": [76, 22]}
					]
				},
				{
					"name": "eye_left",
					"parent": "head",
					"pivot": [2.5, 11.25, -3.025],
					"cubes": [
						{"origin": [2, 10.25, -3.525], "size": [1, 2, 1], "uv": [14, 0]}
					]
				},
				{
					"name": "eyelid_left",
					"parent": "eye_left",
					"pivot": [2.5, 11.25, -2.925],
					"cubes": [
						{"origin": [2, 10.25, -3.425], "size": [1, 2, 1], "inflate": 0.01, "uv": [76, 19]}
					]
				},
				{
					"name": "eye_right",
					"parent": "head",
					"pivot": [-2.5, 11.25, -3.025],
					"cubes": [
						{"origin": [-3, 10.25, -3.525], "size": [1, 2, 1], "uv": [0, 0]}
					]
				},
				{
					"name": "eyelid_right",
					"parent": "eye_right",
					"pivot": [-2.5, 11.25, -2.925],
					"cubes": [
						{"origin": [-3, 10.25, -3.425], "size": [1, 2, 1], "inflate": 0.01, "uv": [20, 72]}
					]
				},
				{
					"name": "mouths",
					"parent": "head",
					"pivot": [0, 9.25, -3.525]
				},
				{
					"name": "muzzle",
					"parent": "mouths",
					"pivot": [0, 0, 0],
					"cubes": [
						{"origin": [-4, 9, -5], "size": [0, 1, 3], "pivot": [-4, 9, -3], "rotation": [11.29213, -32.2456, -3.04609], "uv": [66, 158], "mirror": true},
						{"origin": [4, 9, -5], "size": [0, 1, 3], "pivot": [4, 9, -3], "rotation": [11.29213, 32.2456, 3.04609], "uv": [66, 158]},
						{"origin": [-3, 8, -5], "size": [6, 2, 2], "uv": [34, 185]}
					]
				},
				{
					"name": "mouth_open",
					"parent": "mouths",
					"pivot": [0, 9.25, -3.61],
					"cubes": [
						{"origin": [-2.5, 8.25, -3.41], "size": [5, 2, 0], "uv": [77, 0]}
					]
				},
				{
					"name": "mouth_closed",
					"parent": "mouths",
					"pivot": [0, 9.25, -3.41],
					"cubes": [
						{"origin": [-3.5, 8.25, -3.51], "size": [7, 2, 0], "uv": [48, 74]}
					]
				},
				{
					"name": "hair_right",
					"parent": "head",
					"pivot": [-3.5, 13.75, 0],
					"cubes": [
						{"origin": [-7, 9.75, -3], "size": [4, 5, 6], "uv": [14, 88]}
					]
				},
				{
					"name": "hair_right2",
					"parent": "hair_right",
					"pivot": [-3, 9.5, 0],
					"cubes": [
						{"origin": [-8, 0.75, -4], "size": [5, 9, 8], "uv": [69, 2]}
					]
				},
				{
					"name": "hair_right3",
					"parent": "hair_right2",
					"pivot": [-5.5, 0.75, 0],
					"cubes": [
						{"origin": [-5.5, -3.25, -4.5], "size": [0, 4, 9], "uv": [0, 4]}
					]
				},
				{
					"name": "hair_left",
					"parent": "head",
					"pivot": [3.5, 14.25, 0],
					"cubes": [
						{"origin": [3, 10.25, -3], "size": [4, 5, 6], "uv": [38, 86]}
					]
				},
				{
					"name": "hair_left2",
					"parent": "hair_left",
					"pivot": [3, 10, 0],
					"cubes": [
						{"origin": [3, 1.25, -4], "size": [5, 9, 8], "uv": [62, 66]}
					]
				},
				{
					"name": "hair_left3",
					"parent": "hair_left2",
					"pivot": [5.5, 1.25, 0],
					"cubes": [
						{"origin": [5.5, -2.75, -4.5], "size": [0, 4, 9], "uv": [0, 0]}
					]
				},
				{
					"name": "arm_left",
					"parent": "torso",
					"pivot": [1.5, 6.5, 0],
					"cubes": [
						{"origin": [1.5, 5.5, -1.5], "size": [3, 2, 3], "uv": [94, 16]}
					]
				},
				{
					"name": "hand_left",
					"parent": "arm_left",
					"pivot": [4.5, 6.5, 1.5],
					"cubes": [
						{"origin": [4.5, 5.5, -2], "size": [4, 2, 4], "inflate": 0.01, "uv": [52, 86]}
					]
				},
				{
					"name": "Rsleeve",
					"parent": "hand_left",
					"pivot": [0, 0, 0],
					"cubes": [
						{"origin": [9, 2, -3], "size": [2, 6, 6], "uv": [24, 146]},
						{"origin": [2, 2, -3], "size": [7, 6, 6], "uv": [23, 244]}
					]
				},
				{
					"name": "rsleeve2",
					"parent": "Rsleeve",
					"pivot": [0, 0, 0],
					"cubes": [
						{"origin": [3, 1, -2], "size": [5, 1, 4], "uv": [0, 251]}
					]
				},
				{
					"name": "Rtrail",
					"parent": "rsleeve2",
					"pivot": [0, 0, 0]
				},
				{
					"name": "rtrail2",
					"parent": "Rtrail",
					"pivot": [0, 0, 0]
				},
				{
					"name": "finger_left",
					"parent": "hand_left",
					"pivot": [8.25, 7, -1.5],
					"rotation": [0, 17.5, 0],
					"cubes": [
						{"origin": [8.25, 6, -2], "size": [2, 1, 1], "uv": [44, 76]}
					]
				},
				{
					"name": "finger_left2",
					"parent": "hand_left",
					"pivot": [8.5, 7, -0.5],
					"rotation": [0, 5, 0],
					"cubes": [
						{"origin": [8.5, 6, -1], "size": [2, 1, 1], "uv": [73, 60]}
					]
				},
				{
					"name": "finger_left3",
					"parent": "hand_left",
					"pivot": [8.5, 7, 0.5],
					"rotation": [0, -5, 0],
					"cubes": [
						{"origin": [8.5, 6, 0], "size": [2, 1, 1], "uv": [66, 47]}
					]
				},
				{
					"name": "finger_left4",
					"parent": "hand_left",
					"pivot": [8.25, 7, 1.5],
					"rotation": [0, -17.5, 0],
					"cubes": [
						{"origin": [8.25, 6, 1], "size": [2, 1, 1], "uv": [66, 45]}
					]
				},
				{
					"name": "thumb_left",
					"parent": "hand_left",
					"pivot": [5, 5.5, -0.5],
					"rotation": [0, 0, 42.5],
					"cubes": [
						{"origin": [5, 5.5, -1.5], "size": [2, 1, 2], "inflate": 0.01, "uv": [94, 24]}
					]
				},
				{
					"name": "arm_right",
					"parent": "torso",
					"pivot": [-1.5, 6.5, 0],
					"cubes": [
						{"origin": [-4.5, 5.5, -1.5], "size": [3, 2, 3], "uv": [58, 93]}
					]
				},
				{
					"name": "hand_right",
					"parent": "arm_right",
					"pivot": [-4.5, 6.5, 1.5],
					"cubes": [
						{"origin": [-8.5, 5.5, -2], "size": [4, 2, 4], "inflate": 0.01, "uv": [69, 35]}
					]
				},
				{
					"name": "finger_right",
					"parent": "hand_right",
					"pivot": [-8.25, 7, -1.5],
					"rotation": [0, -17.5, 0],
					"cubes": [
						{"origin": [-10.25, 6, -2], "size": [2, 1, 1], "uv": [66, 43]}
					]
				},
				{
					"name": "finger_right2",
					"parent": "hand_right",
					"pivot": [-8.5, 7, -0.5],
					"rotation": [0, -5, 0],
					"cubes": [
						{"origin": [-10.5, 6, -1], "size": [2, 1, 1], "uv": [66, 41]}
					]
				},
				{
					"name": "finger_right3",
					"parent": "hand_right",
					"pivot": [-8.5, 7, 0.5],
					"rotation": [0, 5, 0],
					"cubes": [
						{"origin": [-10.5, 6, 0], "size": [2, 1, 1], "uv": [64, 56]}
					]
				},
				{
					"name": "finger_right4",
					"parent": "hand_right",
					"pivot": [-8.25, 7, 1.5],
					"rotation": [0, 17.5, 0],
					"cubes": [
						{"origin": [-10.25, 6, 1], "size": [2, 1, 1], "uv": [12, 17]}
					]
				},
				{
					"name": "thumb_right",
					"parent": "hand_right",
					"pivot": [-5, 5.5, -0.5],
					"rotation": [0, 0, -42.5],
					"cubes": [
						{"origin": [-7, 5.5, -1.5], "size": [2, 1, 2], "inflate": 0.01, "uv": [94, 21]}
					]
				},
				{
					"name": "Lsleeve",
					"parent": "hand_right",
					"pivot": [0, 0, 0],
					"cubes": [
						{"origin": [-8, 1, -2], "size": [5, 1, 4], "uv": [0, 226], "mirror": true},
						{"origin": [-11, 2, -3], "size": [2, 6, 6], "uv": [0, 133], "mirror": true},
						{"origin": [-9, 2, -3], "size": [7, 6, 6], "uv": [51, 244], "mirror": true}
					]
				},
				{
					"name": "leg_right",
					"parent": "body",
					"pivot": [-1.25, 4, 0],
					"cubes": [
						{"origin": [-2.25, 2, -1], "size": [2, 2, 2], "uv": [10, 89]}
					]
				},
				{
					"name": "leg_right2",
					"parent": "leg_right",
					"pivot": [-1.25, 2, -1],
					"cubes": [
						{"origin": [-2.25, 0, -1], "size": [2, 2, 2], "inflate": 0.2, "uv": [81, 34]}
					]
				},
				{
					"name": "leg_left",
					"parent": "body",
					"pivot": [1.25, 4, 0],
					"cubes": [
						{"origin": [0.25, 2, -1], "size": [2, 2, 2], "uv": [70, 62]}
					]
				},
				{
					"name": "leg_left2",
					"parent": "leg_left",
					"pivot": [1.25, 2, -1],
					"cubes": [
						{"origin": [0.25, 0, -1], "size": [2, 2, 2], "inflate": 0.2, "uv": [38, 54]}
					]
				}
			]
		}
	]
}