{
	"textures": {
		"texture": "gui/hp-counter/100"
	},
	"elements": [
		{
			"from": [-16, -16, 15.9375],
			"to": [32, 32, 16],
			"faces": {
				"north": {"uv": [0.375, 10.688, 13.875, 15.375], "texture": "#texture"},
				"east": {"uv": [0, 0, 0, 0], "texture": "#texture"},
				"south": {"uv": [0.375, 10.688, 13.875, 15.375], "texture": "#texture"},
				"west": {"uv": [0, 0, 0, 0], "texture": "#texture"},
				"up": {"uv": [0, 0, 0, 0], "texture": "#texture"},
				"down": {"uv": [0, 0, 0, 0], "texture": "#texture"}
			}
		}
	],
	"display": {
		"thirdperson_righthand": {
			"scale": [0.0001, 0.0001, 0.0001]
		},
		"thirdperson_lefthand": {
			"scale": [0.0001, 0.0001, 0.0001]
		},
		"firstperson_righthand": {
			"scale": [0.0001, 0.0001, 0.0001]
		},
		"firstperson_lefthand": {
			"scale": [0.0001, 0.0001, 0.0001]
		},
		"gui": {
			"translation": [-27.5, 14.5, 0],
			"scale": [1.63, 0.53, 1]
		},
		"fixed": {
			"scale": [0.0001, 0.0001, 0.0001]
		}
	},"gui_light":"front"
}