{
    "head": "head",
    "portraitScale": 2.4,
    "portraitTranslation": [ -0.8, 0.1, 0 ],
    "profileScale": 0.7,
    "profileTranslation": [ 0, 0.6, 0 ],
    "animations": {
      "faint": "q.bedrock_primary('purugly', 'faint', q.curve('one'))",
      "cry": "q.bedrock_stateful('purugly', 'cry')"
    }, 
    "poses": {
      "standing": {
        "poseTypes": [
          "STAND",
          "NONE",
          "PORTRAIT",
          "PROFILE"
        ],
        "animations": [
          "look",
          "bedrock(purugly, ground_idle)"
        ],
        "quirks": [
          "q.bedrock_quirk('purugly', 'blink')"
        ]
      },
      "walking": {
        "poseTypes": [ "WALK" ],
        "animations": [ "bedrock(purugly, ground_walk)" ],
        "quirks": [
          "q.bedrock_quirk('purugly', 'blink')"
        ]
      },
      "sleeping": {
        "poseTypes": [
          "SLEEP"
        ],
        "animations": [
          "bedrock(purugly, sleep)"
        ]
      }
    }
  }
  