{
    "head": "head",
    "portraitScale": 1.8,
    "portraitTranslation": [ -0.8, 1.0, 0 ],
    "profileScale": 0.6,
    "profileTranslation": [ 0, 0.8, 0 ],
    "animations": {
      "faint": "q.bedrock_primary('pyroar_m', 'faint', q.curve('one'))",
      "cry": "q.bedrock_stateful('pyroar_m', 'cry')",
      "recoil": "q.bedrock_stateful('pyroar_m', 'recoil')",
      "physical": "q.bedrock_primary('pyroar_m', 'physical', q.curve('symmetrical_wide'))",
      "special": "q.bedrock_primary('pyroar_m', 'special', q.curve('symmetrical_wide'))",
      "status": "q.bedrock_primary('pyroar_m', 'status', q.curve('symmetrical_wide'))"
    },  
    "poses": {
      "battle-standing": {
        "poseTypes": ["STAND"],
        "isBattle": true,
        "animations": [
          "q.look('head')",
          "q.bedrock('pyroar_m', 'battle_idle')"
        ],
        "quirks": [
          "q.bedrock_quirk('pyroar_m', 'blink')"
        ]
      },
      "standing": {
        "poseTypes": ["STAND", "NONE", "PORTRAIT", "PROFILE"],
        "isBattle": false,
        "animations": [
          "look",
          "bedrock(pyroar_m, ground_idle)"
        ],
        "quirks": ["q.bedrock_quirk('pyroar_m', 'blink')"]
      },
      "walking": {
        "poseTypes": [ "WALK" ],
        "animations": [ "bedrock(pyroar_m, ground_walk)" ],
        "quirks": ["q.bedrock_quirk('pyroar_m', 'blink')"]
      },
      "sleeping": {
        "poseTypes": [
          "SLEEP"
        ],
        "animations": [
          "bedrock(pyroar_m, sleep)"
        ]
      }
    }
  }
  