{
    "head": "head",
    "portraitScale": 1.75,
    "portraitTranslation": [ -0.35, 0.55, 0 ],
    "profileScale": 0.6,
    "profileTranslation": [ 0, 1.0, 0 ],
    "faint": "bedrock(togekiss, sleep)",
    "poses": {

      "standing": {
        "poseName": "standing",
        "transformTicks": 10,
        "poseTypes": [
          "STAND",
          "NONE",
          "PORTRAIT",
          "PROFILE"
        ],
        "animations": [
          "look",
          "bedrock(togekiss, ground_idle)"
        ],
        "quirks": [
          {
            "name": "blink",
            "animations": ["bedrock(togekiss, blink)"]
          }
        ]
      },

      "walking": {
        "poseName": "walking",
        "transformTicks": 10,
        "poseTypes": [ "WALK" ],
        "animations": [ 
          "look",
          "bedrock(togekiss, ground_walk)"
        ],
        "quirks": [
          {
            "name": "blink",
            "animations": ["bedrock(togekiss, blink)"]
          }
        ]
      }
    }
  }