{
	"format_version": "1.8.0",
	"animations": {
		"animation.cafe_arbok.ground_idle": {
			"loop": true,
			"bones": {
				"body_upper": {
					"rotation": ["-10+math.sin(q.anim_time*90*4+90)*1+1", 0, "math.sin(q.anim_time*90*2+90)*6"]
				},
				"hood": {
					"rotation": ["-math.sin(q.anim_time*90*4+90)*1", "math.sin(q.anim_time*90*2+90)*6", 0]
				},
				"neck": {
					"rotation": ["math.sin(q.anim_time*90*4)*0.75", 0, 0]
				},
				"head": {
					"rotation": ["math.sin(q.anim_time*90*4+90)*0.5", 0, "-math.sin(q.anim_time*90*2+90)*2"]
				},
				"head_correction": {
					"rotation": [10, 0, 0]
				}
			}
		},
		"animation.cafe_arbok.ground_walk": {
			"loop": true,
			"bones": {
				"body_upper": {
					"rotation": ["math.sin(q.anim_time*90*4+90)*2", 0, 0]
				},
				"hood": {
					"rotation": ["-math.sin(q.anim_time*90*4)*2", 0, 0]
				},
				"neck": {
					"rotation": ["-math.sin(q.anim_time*90*4+90)*2", 0, 0]
				},
				"head": {
					"rotation": ["-math.sin(q.anim_time*90*4+90)*2", 0, 0]
				},
				"head_correction": {
					"rotation": [2.5, 0, 0]
				}
			}
		},
		"animation.cafe_arbok.summary_idle": {
			"loop": true,
			"animation_length": 3.125,
			"bones": {
				"body_upper": {
					"rotation": ["-math.sin(q.anim_time*90*2+90)*0.25", 20, "math.sin(q.anim_time*90*2+90)*4"],
					"position": [0, 0, 0]
				},
				"hood": {
					"rotation": ["-10-math.sin(q.anim_time*90*4+90)*1", "-15+math.sin(q.anim_time*90*2+90)*6", -17.5]
				},
				"neck": {
					"rotation": ["math.sin(q.anim_time*90*4)*0.75", 0, 0]
				},
				"tail": {
					"rotation": [0, "-27.5-math.sin(q.anim_time*90*2+90)*0.5", 0]
				},
				"tail2": {
					"rotation": [0, "-55-math.sin(q.anim_time*90*2-90)*0.5", 0]
				},
				"tail3": {
					"rotation": [0, "-55-math.sin(q.anim_time*90*2)*0.5", 0]
				},
				"tail4": {
					"rotation": [0, "55-math.sin(q.anim_time*90*2+90)*0.5", 0]
				},
				"tail5": {
					"rotation": [0, "60-math.sin(q.anim_time*90*2)*0.5", 0]
				},
				"body": {
					"position": ["math.sin(q.anim_time*90*2+30*2)*0.06", 0, "-math.sin(q.anim_time*90*2+30*3)*0.04"]
				},
				"head": {
					"rotation": ["math.sin(q.anim_time*90*4+90)*0.5", 0, "-math.sin(q.anim_time*90*2+90)*2"]
				},
				"head_correction": {
					"rotation": [12.5, 0, 0]
				},
				"head_angle": {
					"rotation": [12.5, 0, 0]
				},
				"jaw": {
					"rotation": [17.5, 0, 0]
				}
			}
		},
		"animation.cafe_arbok.tongue_flick": {
			"loop": true,
			"animation_length": 0.0417,
			"bones": {
				"tongue": {
					"rotation": ["7.5+math.sin(q.anim_time*90*8*3)*0.25", 0, 0],
					"position": [0, -2, 0]
				},
				"tongue2": {
					"rotation": ["math.sin(q.anim_time*90*8*3)*8", 0, 0],
					"position": [0, -4, -0.01]
				},
				"tongue3": {
					"rotation": ["math.sin(q.anim_time*90*8*3-30*2)*16", 0, 0],
					"position": [0, -4, -0.01]
				},
				"tongue4": {
					"rotation": ["math.sin(q.anim_time*90*8*3-30*3)*24", 0, 0]
				},
				"tongue5": {
					"rotation": ["math.sin(q.anim_time*90*8*3-30*4)*16", 0, 0]
				},
				"jaw": {
					"rotation": [5, 0, 0]
				},
				"tongue_opening": {
					"position": [0, -0.1, 0]
				}
			}
		},
		"animation.cafe_arbok.faint": {
			"animation_length": 3,
			"bones": {
				"body_upper": {
					"rotation": {
						"0.0": ["-10+math.sin(q.anim_time*90*4+90)*1+1", 0, "math.sin(q.anim_time*90*2+90)*6"],
						"0.05": ["-25+math.sin(q.anim_time*90*4+90)*1+1", 0, "math.sin(q.anim_time*90*2+90)*6"],
						"0.1": ["-45+math.sin(q.anim_time*90*4+90)*1+1", 0, "math.sin(q.anim_time*90*2+90)*6"],
						"0.2": ["-50+math.sin(q.anim_time*90*4+90)*1+1", 0, "math.sin(q.anim_time*90*2+90)*6"],
						"0.25": ["-52.5+math.sin(q.anim_time*90*4+90)*1+1", 0, "0+math.sin(q.anim_time*90*2+90)*6"],
						"0.65": ["-45+math.sin(q.anim_time*90*4+90)*1+1", 0, "math.sin(q.anim_time*90*2+90)*6"],
						"0.8": ["-30+math.sin(q.anim_time*90*4+90)*1+1", 0, "math.sin(q.anim_time*90*2+90)*6"],
						"0.9": ["-27.5+math.sin(q.anim_time*90*4+90)*1+1", 0, "0+math.sin(q.anim_time*90*2+90)*6"],
						"1.45": ["-15.0408+math.sin(q.anim_time*90*4+90)*1+1", 0, "math.sin(q.anim_time*90*2+90)*6"],
						"1.8": ["-7.5434+math.sin(q.anim_time*90*4+90)*1+1", -0.16157, "-0.0071+math.sin(q.anim_time*90*2+90)*6"],
						"1.95": [55, 0, 0],
						"2.05": [64.96, 0, 0],
						"2.1": [44.96, 0, 0],
						"2.15": [47.46, 0, 0],
						"2.2": [54.96, 0, 0],
						"2.3": [55.12667, 0, 0],
						"2.4": [56.96, 0, 0]
					},
					"position": {
						"0.0": [0, 0, 0],
						"0.1": [0, 0, -1.5],
						"0.3": [0, 0, -1.9],
						"0.65": [0, 0, -1.5],
						"1.45": [0, 0, -1],
						"1.65": [0, 0, -1],
						"1.7": [0, -0.5, -1],
						"1.75": [0, 0, -1],
						"1.8": [0, -0.3, -1],
						"1.85": [0, -0.8, -1],
						"1.9": [0, 0, -1],
						"1.95": [0, 0, 1],
						"2.05": [0, 0.75, 1],
						"2.1": [0, 0.25, 1]
					}
				},
				"hood": {
					"rotation": {
						"0.0": ["22.5-math.sin(q.anim_time*90*4+90)*1", "0+math.sin(q.anim_time*90*2+90)*6", 0],
						"0.05": ["57.5-math.sin(q.anim_time*90*4+90)*1", "0+math.sin(q.anim_time*90*2+90)*6", 0],
						"0.1": ["60-math.sin(q.anim_time*90*4+90)*1", "math.sin(q.anim_time*90*2+90)*6", 0],
						"0.15": ["45-math.sin(q.anim_time*90*4+90)*1", "math.sin(q.anim_time*90*2+90)*6", 0],
						"0.25": ["27.5-math.sin(q.anim_time*90*4+90)*1", "0+math.sin(q.anim_time*90*2+90)*6", 0],
						"0.3": ["22.5-math.sin(q.anim_time*90*4+90)*1", "0+math.sin(q.anim_time*90*2+90)*6", 0],
						"0.4": [15.30902, 1.8541, 0],
						"0.7": ["7.5-math.sin(q.anim_time*90*4+90)*1", "0+math.sin(q.anim_time*90*2+90)*6", 0],
						"0.8": [1.5, -4.24264, 0],
						"0.95": ["15-math.sin(q.anim_time*90*4+90)*1", "math.sin(q.anim_time*90*2+90)*6", 0],
						"1.05": ["22.5-math.sin(q.anim_time*90*4+90)*1", "0+math.sin(q.anim_time*90*2+90)*6", 0],
						"1.45": [16.34579, "0+math.sin(q.anim_time*90*2+90)*6", 0],
						"1.8": [8.84973, "0.1104+math.sin(q.anim_time*90*2+90)*6", -0.035],
						"1.95": [-41.15, "math.sin(q.anim_time*90*2+90)*6", 0],
						"2.05": [22.18333, "math.sin(q.anim_time*90*2+90)*6", 0],
						"2.1": [51.35, "0+math.sin(q.anim_time*90*2+90)*6", 0],
						"2.2": [23.80916, "-0.0515+math.sin(q.anim_time*90*2+90)*6", -0.78599],
						"2.3": [31.35, 0, 0],
						"2.4": [28.85, 0, 0]
					},
					"position": {
						"0.0": [0, 0, 0],
						"1.95": [0, 0, 0],
						"2.05": [0, 0, 0],
						"2.1": [0, 0, 1],
						"2.2": [0, 0, 0]
					}
				},
				"neck": {
					"rotation": {
						"0.0": ["15+math.sin(q.anim_time*90*4)*0.75", 0, 0],
						"0.05": ["2.5+math.sin(q.anim_time*90*4)*0.75", 0, 0],
						"0.1": ["-30+math.sin(q.anim_time*90*4)*0.75", 0, 0],
						"0.25": ["-67.5+math.sin(q.anim_time*90*4)*0.75", 0, 0],
						"0.45": ["-107.5+math.sin(q.anim_time*90*4)*0.75", 0, 0],
						"0.85": ["-40+math.sin(q.anim_time*90*4)*0.75", 0, 0],
						"1.15": ["-30+math.sin(q.anim_time*90*4)*0.75", 0, 0],
						"1.45": ["-40+math.sin(q.anim_time*90*4)*0.75", 0, 0],
						"1.8": ["-40+math.sin(q.anim_time*90*4)*0.75", 0, 0],
						"1.95": ["-122.5+math.sin(q.anim_time*90*4)*0.75", 0, 0],
						"2.1": ["-130.0586+math.sin(q.anim_time*90*4)*0.75", 0.27122, 1.21042],
						"2.2": ["-60.1318+math.sin(q.anim_time*90*4)*0.75", -0.59839, 2.25911],
						"2.3": ["-90+math.sin(q.anim_time*90*4)*0.75", 0, 0],
						"2.4": [-87.5, 0, 0]
					},
					"position": {
						"1.8": [0, 0, 0],
						"1.85": [0, -0.5, 0],
						"1.9": [0, -0.5, 0],
						"1.95": [0, -1, 0],
						"2.0": [0, -1, 0],
						"2.15": [0, -0.5, 0]
					}
				},
				"head": {
					"rotation": [0, 0, 0]
				},
				"head_correction": {
					"rotation": [10, 0, 0]
				},
				"body": {
					"position": {
						"0.0": [0, 0, 0],
						"0.2": [0, 0, 6.1],
						"0.35": [0, 0, 9],
						"0.5": [0, 0, 9.6]
					}
				},
				"head_angle": {
					"rotation": {
						"0.0": [20, 0, 0],
						"0.05": [5, 0, 0],
						"0.1": [27.5, 0, 0],
						"0.25": [-25.5, 0, 0],
						"0.35": [-13, 0, 0],
						"0.7": [42.5, 0, 0],
						"1.25": [22.5, 0, 0],
						"1.95": [25, 0, 0],
						"2.05": [-60, 0, 0],
						"2.1": [-67.5, 0, 0],
						"2.2": [-27.5, 0, 0],
						"2.25": [-47.5, 0, 0],
						"2.3": [-12.5, 0, 0]
					},
					"position": {
						"0.0": [0, 0, 0],
						"2.0": [0, 0, 0],
						"2.05": [0, 2, 0.8],
						"2.1": [0, 2.25, 1.25],
						"2.2": [0, 0, 0],
						"2.25": [0, 1.3, 0],
						"2.3": [0, 0, 0]
					}
				},
				"eyelid_right": {
					"position": {
						"0.0": [-0.1, 0, 0],
						"0.1": [-0.1, 0, 0],
						"0.15": [0, 0, 0],
						"0.5": [0, 0, 0],
						"0.55": [-0.1, 0, 0],
						"0.85": [-0.1, 0, 0],
						"0.9": [0, 0, 0],
						"1.95": [0, 0, 0],
						"2.0": [-0.1, 0, 0]
					}
				},
				"eyelid_left": {
					"position": {
						"0.0": [0.1, 0, 0],
						"0.1": [0.1, 0, 0],
						"0.15": [0, 0, 0],
						"0.5": [0, 0, 0],
						"0.55": [0.1, 0, 0],
						"0.85": [0.1, 0, 0],
						"0.9": [0, 0, 0],
						"1.95": [0, 0, 0],
						"2.0": [0.1, 0, 0]
					}
				},
				"jaw": {
					"rotation": {
						"0.0": [0, 0, 0],
						"0.1": [0, 0, 0],
						"0.2": [57.5, 0, 0],
						"0.35": [17.5, 0, 0],
						"0.45": [5, 0, 0],
						"1.25": [5, 0, 0],
						"1.45": [27.5, 0, 0],
						"1.75": [32.5, 0, 0],
						"1.8": [32.5, 0, 0],
						"1.85": [65, 0, 0],
						"2.15": [65, 0, 0],
						"2.2": [-2.5, 0, 0]
					}
				},
				"tongue_opening": {
					"position": {
						"0.0": [0, 0, 0],
						"2.15": [0, 0, 0],
						"2.2": [0, -0.1, 0.7]
					}
				},
				"tongue": {
					"rotation": {
						"0.0": [0, 0, 0],
						"0.25": [0, 0, 0],
						"0.3": [-7.5, 0, 0],
						"0.35": [-7.5, 0, 0],
						"0.4": [0, 0, 0],
						"1.35": [0, 0, 0],
						"1.85": [0, 0, 0],
						"1.9": [-7.5, 0, 0],
						"2.0": [-32.5, 0, 0],
						"2.1": [-37.5, 0, 0],
						"2.15": [-10, 0, 0],
						"2.2": [0, 0, 0]
					},
					"position": {
						"0.0": [0, 0, 0],
						"1.85": [0, 0, 0],
						"1.9": [0, 0, 0.3],
						"2.0": [0, 0, 1.4],
						"2.1": [0, 0, 1.7],
						"2.15": [0, 0, 0.4]
					}
				},
				"tongue2": {
					"rotation": {
						"0.0": [0, 0, 0],
						"0.3": [2.14, 0, 0],
						"0.35": [2.5, 0, 0],
						"0.4": [0, 0, 0],
						"1.35": [0, 0, 0],
						"1.95": [0, 0, 0],
						"2.0": [-12.5, 0, 0],
						"2.1": [-12.5, 0, 0],
						"2.15": [-37.5, 0, 0],
						"2.2": [17.5, 0, 0]
					},
					"position": {
						"0.0": [0, 0, 0],
						"0.1": [0, 0, 0],
						"0.15": [0, -4, 0],
						"0.3": [0, -4, 0],
						"0.35": [0, 0, 0],
						"0.4": [0, 0, 0],
						"1.35": [0, 0, 0],
						"1.4": [0, -4, 0],
						"1.95": [0, -4, 0],
						"2.1": [0, -4, 0]
					}
				},
				"tongue3": {
					"rotation": {
						"0.0": [0, 0, 0],
						"0.15": [0, 0, 0],
						"0.2": [52.5, 0, 0],
						"0.3": [52.5, 0, 0],
						"0.35": [7.5, 0, 0],
						"0.4": [0, 0, 0],
						"1.35": [0, 0, 0],
						"1.4": [0, 0, 0],
						"1.45": [0, 0, 0],
						"1.5": [30, 0, 0],
						"1.75": [47.5, 0, 0],
						"1.95": [47.5, 0, 0],
						"2.0": [-20, 0, 0],
						"2.1": [-20, 0, 0],
						"2.15": [-45, 0, 0],
						"2.2": [-45, 0, 0],
						"2.25": [47.5, 0, 0],
						"2.3": [-17.5, 0, 0],
						"2.35": [-10.5, 0, 0]
					},
					"position": {
						"0.0": [0, 0, 0],
						"0.15": [0, 0, 0],
						"0.2": [0, -4, 0],
						"0.35": [0, -4, 0],
						"0.4": [0, 0, 0],
						"1.35": [0, 0, 0],
						"1.4": [0, 0, 0],
						"1.45": [0, -2, 0],
						"1.5": [0, -4, 0],
						"1.95": [0, -4, 0],
						"2.1": [0, -4, 0]
					}
				},
				"tongue4": {
					"rotation": {
						"0.0": [0, 0, 0],
						"0.2": [0, 0, 0],
						"0.25": [35, 0, 0],
						"0.3": [35, 0, 0],
						"0.35": [-15, 0, 0],
						"0.4": [0, 0, 0],
						"1.35": [0, 0, 0],
						"1.45": [0, 0, 0],
						"1.7": [27.5, 0, 0],
						"1.95": [27.5, 0, 0],
						"2.0": [-27.5, 0, 0],
						"2.25": [-27.5, 0, 0],
						"2.3": [-5, 0, 0]
					}
				},
				"tail": {
					"rotation": {
						"0.0": [0, 0, 0],
						"0.2": [0, 10, 0],
						"0.35": [0, 15, 0]
					},
					"position": [0, 0, 0]
				},
				"tail2": {
					"rotation": {
						"0.0": [0, 0, 0],
						"0.2": [0, -27.5, 0],
						"0.35": [0, -37.5, 0],
						"1.45": [0, -37.5, 0],
						"1.75": [6.08307, -37.39848, -2.40619],
						"1.9": [6.08307, -37.39848, -2.40619],
						"1.95": [0, -37.5, 0]
					},
					"position": {
						"0.0": [0, 0, 0],
						"0.2": [0.4, 0, -0.5],
						"1.45": [0.6, 0, -1],
						"1.65": [0.6, -0.15, -1],
						"1.7": [0.6, -0.4, -1],
						"1.75": [0.6, -0.15, -1],
						"1.8": [0.6, -0.3, -1],
						"1.85": [0.6, -0.55, -1],
						"1.9": [0.6, -0.15, -1],
						"1.95": [0.6, 0, -1]
					}
				},
				"tail3": {
					"rotation": {
						"0.0": [0, 0, 0],
						"0.2": [0, 37.5, 0],
						"0.35": [0, 47.5, 0],
						"1.0": [0, 47.5, 0],
						"1.15": [10.22669, 47.21747, 4.65842],
						"1.3": [16.95872, 46.72084, 7.66767],
						"1.45": [23.56893, 45.98898, 10.53918],
						"1.9": [26.81664, 45.53925, 11.90956],
						"1.95": [-6.82874, 47.37414, -3.11788],
						"2.0": [0, 47.5, 0]
					},
					"position": {
						"0.0": [0, 0, 0],
						"0.2": [-0.4, 0, -0.8],
						"0.35": [-0.6, 0, -1.2],
						"1.65": [-0.6, 0, -1.2],
						"1.7": [-0.6, -0.25, -1.2],
						"1.75": [-0.6, 0, -1.2],
						"1.8": [-0.6, -0.15, -1.2],
						"1.85": [-0.6, -0.4, -1.2],
						"1.9": [-0.6, 0, -1.2]
					}
				},
				"tail4": {
					"rotation": {
						"0.0": [0, 0, 0],
						"0.2": [0, -35, 0],
						"0.35": [0, -45, 0],
						"1.0": [0, -45, 0],
						"1.15": [-19.08196, -44.15043, 7.08677],
						"1.3": [15.93755, -44.40768, -5.94789],
						"1.45": [25.30042, -43.50461, -9.28107],
						"1.9": [28.36894, -43.11864, -10.32956],
						"1.95": [46.09035, -40.01973, -15.77591],
						"2.0": [-3.2036, -44.9761, 1.20843],
						"2.05": [6.40311, -44.9045, -2.41208],
						"2.1": [-3.2036, -44.9761, 1.20843]
					},
					"position": {
						"0.0": [0, 0, 0],
						"0.2": [0.3, 0, -0.4],
						"0.35": [0.34, 0, -0.7]
					}
				},
				"tail5": {
					"rotation": {
						"0.0": [0, 0, 0],
						"0.2": [0, 12.5, 0],
						"0.35": [0, 22.5, 0],
						"1.0": [0, 22.5, 0],
						"1.15": [7.62792, 22.47825, 0.35304],
						"1.25": [-48.28243, 21.44811, -2.23588],
						"1.85": [27.85056, 22.3862, 0.9448],
						"1.95": [27.85, 22.39, 0.94],
						"2.0": [43.07532, 22.07891, 1.57413],
						"2.05": [-12.83084, 22.38907, -0.94272],
						"2.1": [17.68298, 22.5065, 0.4769],
						"2.15": [2.42242, 22.53562, -0.24157]
					}
				}
			}
		},
		"animation.cafe_arbok.sleep": {
			"loop": true,
			"bones": {
				"body_upper": {
					"rotation": [46.00798, 4.21261, 8.68723]
				},
				"hood": {
					"rotation": [-17.79674, 5.06499, 5.86553]
				},
				"neck": {
					"rotation": [-7.5, 7.5, 12.5]
				},
				"head_angle": {
					"rotation": [14.60967, -3.73171, 11.93845]
				},
				"eyelid_right": {
					"position": [-0.1, 0, 0]
				},
				"eyelid_left": {
					"position": [0.1, 0, 0]
				},
				"jaw": {
					"rotation": [22.5, 0, 0]
				},
				"tail": {
					"rotation": [0, 22.5, 0]
				},
				"tail2": {
					"rotation": [0, -37.5, 0]
				},
				"tail3": {
					"rotation": [0, -45, 0]
				},
				"tail4": {
					"rotation": [0, -55, 0]
				},
				"tail5": {
					"rotation": [0, -47.5, 0]
				}
			}
		},
		"animation.cafe_arbok.blink": {
			"animation_length": 0.16667,
			"bones": {
				"eyelid_right": {
					"position": {
						"0.0": [-0.1, 0, 0],
						"0.125": [-0.1, 0, 0],
						"0.1667": [0, 0, 0]
					}
				},
				"eyelid_left": {
					"position": {
						"0.0": [0.1, 0, 0],
						"0.125": [0.1, 0, 0],
						"0.1667": [0, 0, 0]
					}
				}
			}
		},
		"animation.cafe_arbok.cry": {
			"animation_length": 0.91667,
			"bones": {
				"head_angle": {
					"rotation": {
						"0.0": {
							"post": [0, 0, 0],
							"lerp_mode": "catmullrom"
						},
						"0.125": {
							"post": [5, 0, 0],
							"lerp_mode": "catmullrom"
						},
						"0.5": {
							"post": [2.5, 0, 0],
							"lerp_mode": "catmullrom"
						},
						"0.9167": {
							"post": [0, 0, 0],
							"lerp_mode": "catmullrom"
						}
					}
				},
				"jaw": {
					"rotation": {
						"0.0": {
							"post": [0, 0, 0],
							"lerp_mode": "catmullrom"
						},
						"0.0833": {
							"post": [22.5, 0, 0],
							"lerp_mode": "catmullrom"
						},
						"0.3333": {
							"post": [22.5, 0, 0],
							"lerp_mode": "catmullrom"
						},
						"0.5417": {
							"post": [12.5, 0, 0],
							"lerp_mode": "catmullrom"
						},
						"0.7083": {
							"post": [12.5, 0, 0],
							"lerp_mode": "catmullrom"
						},
						"0.9167": [0, 0, 0]
					}
				},
				"tongue": {
					"position": {
						"0.0": {
							"post": [0, 0, 0],
							"lerp_mode": "catmullrom"
						},
						"0.2917": {
							"post": [0, 0, 0],
							"lerp_mode": "catmullrom"
						},
						"0.3333": {
							"post": [0, -5, 0],
							"lerp_mode": "catmullrom"
						},
						"0.6667": {
							"post": [0, -5, 0],
							"lerp_mode": "catmullrom"
						},
						"0.75": {
							"post": [0, -5, 0],
							"lerp_mode": "catmullrom"
						},
						"0.9167": {
							"post": [0, 0, 0],
							"lerp_mode": "catmullrom"
						}
					}
				}
			},
			"sound_effects": {
				"0.0417": {
					"effect": "pokemon.arbok.cry"
				}
			}
		}
	}
}