{
 "portraitScale": 1.4,
 "portraitTranslation": [ 0, 4.5, 0 ],
 "profileScale": 0.25,
 "profileTranslation": [ 0, 1.4, 0 ],
 "cry": "bedrock(hatterene, cry)",
 "poses": {
   "standing": {
     "poseName": "standing",
     "transformTicks": 10,
     "poseTypes": [
       "STAND",
       "NONE",
       "PORTRAIT",
       "PROFILE"
     ],
     "animations": [
       "bedrock(hatterene, ground_idle)"
     ]
   },
   "walking": {
     "poseName": "walking",
     "transformTicks": 10,
     "poseTypes": [ "WALK" ],
     "animations": [ "bedrock(hatterene, ground_walk)" ]
   },
   "sleep": {
    "poseTypes": ["SLEEP"],
    "animations": ["bedrock(hatterene, sleep)"]
  }
 }
}