{
 "portraitScale": 0.3,
 "portraitTranslation": [ 0, 1.9, 0 ],
 "profileScale": 0.2,
 "profileTranslation": [ 0, 1.4, 0 ],
 "cry": "bedrock(stakataka, cry)",
 "poses": {
   "standing": {
     "poseName": "standing",
     "transformTicks": 10,
     "poseTypes": [
       "STAND",
       "NONE",
       "PORTRAIT",
       "PROFILE"
     ],
     "animations": [
       "bedrock(stakataka, ground_idle)"
     ]
   },
   "walking": {
     "poseName": "walking",
     "transformTicks": 10,
     "poseTypes": [ "WALK" ],
     "animations": [ "bedrock(stakataka, ground_walk)" ]
   }
  }
 }