{
  "portraitScale": 2,
  "portraitTranslation": [ -0.12, 0.43, 0 ],
  "profileScale": 0.59,
  "profileTranslation": [ 0.02, 0.85, 0 ],
  "animations": {},
  "poses": { 
    "battle-standing": {
      "poseTypes": ["STAND"],
      "isBattle": true,
      "animations": [
        "q.bedrock('croagunk', 'ground_idle')"
      ]
    },
    "standing": {
      "poseTypes": ["STAND", "NONE", "PORTRAIT", "FLOAT", "PROFILE"],
      "isBattle": false,
      "animations": [
        "q.bedrock('croagunk', 'ground_idle')"
      ]
    },
    "walking": {
      "poseTypes": ["WALK", "SWIM"],
      "animations": [
        "q.bedrock('croagunk', 'ground_idle')"
      ]
    }
  }
}