{
  "portraitScale": 1.22,
  "portraitTranslation": [ -0.31, 0.64, 0 ],
  "profileScale": 0.48,
  "profileTranslation": [ 0, 0.95, 0 ],
  "animations": {},
  "poses": { 
    "battle-standing": {
      "poseTypes": ["STAND"],
      "isBattle": true,
      "animations": [
        "q.look('head')",
        "q.bedrock('darmanitan_galar', 'ground_idle')"
      ]
    },
    "standing": {
      "poseTypes": ["STAND", "NONE", "PORTRAIT", "PROFILE"],
      "isBattle": false,
      "animations": [
        "q.look('head')",
        "q.bedrock('darmanitan_galar', 'ground_idle')"
      ]
    },
    "walking": {
      "poseTypes": ["WALK"],
      "animations": [
        "q.look('head')",
        "q.bedrock('darmanitan_galar', 'ground_walk')"
      ]
    }
  }
}