{
  "portraitScale": 1.5,
  "portraitTranslation": [ -1.25, 2, 0.0],
  "profileScale": 0.5,
  "profileTranslation": [0, 1.1, 0.0],
  "animations": {
    "faint": "q.bedrock('groudon', 'faint')",
    "cry": "q.bedrock('groudon', 'cry')",
    "recoil": "q.bedrock_stateful('groudon', 'recoil')"
  },
  "poses": { 
    "battle-standing": {
      "poseTypes": ["STAND"],
      "isBattle": true,
      "animations": [
        "q.look('head')",
        "q.bedrock('groudon', 'battle_idle')"
      ],
      "quirks": [
        "q.bedrock_quirk('groudon', 'blink')"
      ]
    },
    "standing": {
      "poseTypes": ["STAND", "NONE", "PORTRAIT", "FLOAT", "PROFILE"],
      "isBattle": false,
      "animations": [
        "q.look('head')",
        "q.bedrock('groudon', 'ground_idle')"
      ],
      "quirks": [
        "q.bedrock_quirk('groudon', 'blink')"
      ]
    },
    "walking": {
      "poseTypes": ["WALK", "SWIM"],
      "animations": [
        "q.look('head')",
        "q.bedrock('groudon', 'ground_walk')"
      ],
      "quirks": ["q.bedrock_quirk('groudon', 'blink')"]
    },
    "sleep": {
      "poseTypes": ["SLEEP"],
      "animations": ["q.bedrock('groudon', 'sleep')"]
    }
  }
}