{
  "portraitScale": 2.4,
  "portraitTranslation": [ -0.27, 0.39, 0 ],
  "profileScale": 0.6,
  "profileTranslation": [ 0, 0.85, 0 ],
  "animations": {},
  "poses": { 
    "battle-standing": {
      "poseTypes": ["STAND"],
      "isBattle": true,
      "animations": [
        "q.bedrock('ironbundle', 'ground_idle')"
      ]
    },
    "standing": {
      "poseTypes": ["STAND", "NONE", "PORTRAIT", "PROFILE"],
      "isBattle": false,
      "animations": [
        "q.bedrock('ironbundle', 'ground_idle')"
      ]
    },
    "walking": {
      "poseTypes": ["WALK"],
      "animations": [
        "q.bedrock('ironbundle', 'ground_idle')"
      ]
    }
  }
}