{
  "portraitScale": 2.5,
  "portraitTranslation": [ -0.1, 2.09, 0 ],
  "profileScale": 0.6,
  "profileTranslation": [0.01, 0.89, 0 ],
  "animations": {},
  "poses": { 
    "battle-standing": {
      "poseTypes": ["STAND"],
      "isBattle": true,
      "animations": [
        "q.look('head')",
        "q.bedrock('ironvaliant', 'battle_idle')"
      ]
    },
    "standing": {
      "poseTypes": ["STAND", "NONE", "PORTRAIT", "PROFILE"],
      "isBattle": false,
      "animations": [
        "q.look('head')",
        "q.bedrock('ironvaliant', 'ground_idle')"
      ]
    },
    "walking": {
      "poseTypes": ["WALK"],
      "animations": [
        "q.look('head')",
        "q.bedrock('ironvaliant', 'ground_walk')"
      ]
    }
  }
}