{
  "portraitScale": 1.7,
  "portraitTranslation": [ -1.3, 1.4, 0 ],
  "profileScale": 0.6,
  "profileTranslation": [ -0.15, 0.9, 0 ],
  "poses": { 
    "battle-standing": {
      "poseTypes": ["STAND"],
      "isBattle": true,
      "animations": [
        "q.look('head')",
        "q.bedrock('necrozma_dusk_mane', 'battle_idle')"
      ]
    },
    "standing": {
      "poseTypes": ["STAND", "NONE", "PORTRAIT", "PROFILE"],
      "isBattle": false,
      "animations": [
        "q.look('head')",
        "q.bedrock('necrozma_dusk_mane', 'ground_idle')"
      ]
    },
    "walking": {
      "poseTypes": ["WALK"],
      "animations": [
        "q.look('head')",
        "q.bedrock('necrozma_dusk_mane', 'ground_walk')"
      ]
    }
  }
}