{
  "portraitScale": 1.7,
  "portraitTranslation": [ -1.1, 2.42, 0 ],
  "profileScale": 0.47,
  "profileTranslation": [ -0.05, 0.98, 0 ],
  "poses": { 
    "battle-standing": {
      "poseTypes": ["STAND"],
      "isBattle": true,
      "animations": [
        "q.look('head')",
        "q.bedrock('spectrier', 'battle_idle')"
      ]
    },
    "standing": {
      "poseTypes": ["STAND", "NONE", "PORTRAIT", "PROFILE"],
      "isBattle": false,
      "animations": [
        "q.look('head')",
        "q.bedrock('spectrier', 'ground_idle')"
      ]
    },
    "walking": {
      "poseTypes": ["WALK"],
      "animations": [
        "q.look('head')",
        "q.bedrock('spectrier', 'ground_walk')"
      ]
    }
  }
}