{
  "portraitScale": 3.34,
  "portraitTranslation": [ -1.18, -2.5, 0.0],
  "profileScale": 0.81,
  "profileTranslation": [0, 0.52, 0.0],
  "animations": { 
    "cry": "q.bedrock_stateful('terapagos', 'cry')"
  },
  "poses": { 
    "battle-standing": {
      "poseTypes": ["STAND"],
      "isBattle": true,
      "animations": [
        "q.look('head')",
        "q.bedrock('terapagos', 'battle_idle')"
      ],
      "quirks": [
        "q.bedrock_quirk('terapagos', 'blink')"
      ]
    },
    "standing": {
      "poseTypes": ["STAND", "NONE", "PORTRAIT", "FLOAT", "PROFILE"],
      "isBattle": false,
      "animations": [
        "q.look('head')",
        "q.bedrock('terapagos', 'ground_idle')"
      ],
      "quirks": [
        "q.bedrock_quirk('terapagos', 'blink')"
      ]
    },
    "walking": {
      "poseTypes": ["WALK", "SWIM"],
      "animations": [
        "q.look('head')",
        "q.bedrock('terapagos', 'ground_walk')"
      ],
      "quirks": ["q.bedrock_quirk('terapagos', 'blink')"]
    },
    "sleep": {
      "poseTypes": ["SLEEP"],
      "animations": ["q.bedrock('terapagos', 'sleep')"]
    }
  }
}