{
	"format_version": "1.12.0",
	"minecraft:geometry": [
		{
			"description": {
				"identifier": "geometry.Pincurchin",
				"texture_width": 64,
				"texture_height": 64,
				"visible_bounds_width": 3,
				"visible_bounds_height": 2.5,
				"visible_bounds_offset": [0, 0.75, 0]
			},
			"bones": [
				{
					"name": "pincurchin",
					"pivot": [0, 0, 0]
				},
				{
					"name": "body",
					"parent": "pincurchin",
					"pivot": [0, 5, 0],
					"cubes": [
						{"origin": [-5, 2, -5], "size": [10, 7, 10], "uv": [0, 0]}
					]
				},
				{
					"name": "spikes",
					"parent": "body",
					"pivot": [0, 6.5, 0]
				},
				{
					"name": "spike1",
					"parent": "spikes",
					"pivot": [0, 6.35, -3.45],
					"rotation": [-45, 0, 0],
					"cubes": [
						{"origin": [-1.5, 4.77574, -7.14388], "size": [3, 3, 4], "inflate": -0.2, "uv": [14, 31]},
						{"origin": [-1, 5.27574, -8.94388], "size": [2, 2, 2], "uv": [40, 29]},
						{"origin": [-0.5, 5.77574, -11.44388], "size": [1, 1, 3], "uv": [40, 15]}
					]
				},
				{
					"name": "spike2",
					"parent": "spikes",
					"pivot": [0, 8.8, 0],
					"rotation": [-90, 0, 0],
					"cubes": [
						{"origin": [-1.5, 7.2, -3.61962], "size": [3, 3, 4], "inflate": -0.2, "uv": [0, 31]},
						{"origin": [-1, 7.7, -5.41962], "size": [2, 2, 2], "uv": [40, 11]},
						{"origin": [-0.5, 8.2, -7.91962], "size": [1, 1, 3], "uv": [40, 7]}
					]
				},
				{
					"name": "spike3",
					"parent": "spikes",
					"pivot": [0, 6.8, 4],
					"rotation": [45, 0, 0],
					"cubes": [
						{"origin": [-1.5, 5.2, 3.71962], "size": [3, 3, 4], "inflate": -0.2, "uv": [30, 0]},
						{"origin": [-1, 5.7, 7.51962], "size": [2, 2, 2], "uv": [40, 0]},
						{"origin": [-0.5, 6.2, 9.01962], "size": [1, 1, 3], "uv": [37, 39]}
					]
				},
				{
					"name": "spike_right1",
					"parent": "spikes",
					"pivot": [-3, 6.8, -2],
					"rotation": [-30, 60, 0],
					"cubes": [
						{"origin": [-4.5, 5.2, -5.71962], "size": [3, 3, 4], "inflate": -0.2, "uv": [24, 27]},
						{"origin": [-4, 5.7, -7.51962], "size": [2, 2, 2], "uv": [29, 39]},
						{"origin": [-3.5, 6.2, -10.01962], "size": [1, 1, 3], "uv": [21, 39]}
					]
				},
				{
					"name": "spike_right2",
					"parent": "spikes",
					"pivot": [-2, 4.8, 0],
					"rotation": [0, 90, -10],
					"cubes": [
						{"origin": [-3.5, 3.2, -3.71962], "size": [3, 3, 4], "inflate": -0.2, "uv": [0, 17]},
						{"origin": [-3, 3.7, -5.51962], "size": [2, 2, 2], "uv": [10, 24]},
						{"origin": [-2.5, 4.2, -8.01962], "size": [1, 1, 3], "uv": [10, 17]}
					]
				},
				{
					"name": "spike_right3",
					"parent": "spikes",
					"pivot": [-3, 6.8, 2],
					"rotation": [30, -60, 0],
					"cubes": [
						{"origin": [-4.5, 5.2, 1.71962], "size": [3, 3, 4], "inflate": -0.2, "uv": [0, 24]},
						{"origin": [-4, 5.7, 5.51962], "size": [2, 2, 2], "uv": [36, 35]},
						{"origin": [-3.5, 6.2, 7.01962], "size": [1, 1, 3], "uv": [35, 31]}
					]
				},
				{
					"name": "spike_left1",
					"parent": "spikes",
					"pivot": [3, 6.8, -2],
					"rotation": [-30, -60, 0],
					"cubes": [
						{"origin": [1.5, 5.2, -5.71962], "size": [3, 3, 4], "inflate": -0.2, "uv": [24, 20]},
						{"origin": [2, 5.7, -7.51962], "size": [2, 2, 2], "uv": [38, 22]},
						{"origin": [2.5, 6.2, -10.01962], "size": [1, 1, 3], "uv": [16, 38]}
					]
				},
				{
					"name": "spike_left2",
					"parent": "spikes",
					"pivot": [2, 4.8, 0],
					"rotation": [0, -90, 10],
					"cubes": [
						{"origin": [0.5, 3.2, -3.71962], "size": [3, 3, 4], "inflate": -0.2, "uv": [14, 17]},
						{"origin": [1, 3.7, -5.51962], "size": [2, 2, 2], "uv": [34, 27]},
						{"origin": [1.5, 4.2, -8.01962], "size": [1, 1, 3], "uv": [10, 31]}
					]
				},
				{
					"name": "spike_left3",
					"parent": "spikes",
					"pivot": [3, 6.8, 2],
					"rotation": [30, 60, 0],
					"cubes": [
						{"origin": [1.5, 5.2, 1.71962], "size": [3, 3, 4], "inflate": -0.2, "uv": [14, 24]},
						{"origin": [2, 5.7, 5.51962], "size": [2, 2, 2], "uv": [8, 38]},
						{"origin": [2.5, 6.2, 7.01962], "size": [1, 1, 3], "uv": [0, 38]}
					]
				},
				{
					"name": "face",
					"parent": "body",
					"pivot": [0, 0.5, 0]
				},
				{
					"name": "eye_left",
					"parent": "face",
					"pivot": [3.65, 3.35, -4.95],
					"rotation": [0, 0, -7.5],
					"cubes": [
						{"origin": [2.7, 2.25, -5.01], "size": [2, 2, 0], "uv": [6, 0]}
					]
				},
				{
					"name": "pupil_left_open",
					"parent": "eye_left",
					"pivot": [3.66208, 3.48772, -4.91005],
					"cubes": [
						{"origin": [3.5, 3.1, -4.906], "size": [1, 1, 0], "inflate": 0.1, "pivot": [3.69658, 3.95221, -5.01], "rotation": [-0.35356, 0.35355, 44.99891], "uv": [0, 0]}
					]
				},
				{
					"name": "pupil_left_closed",
					"parent": "eye_left",
					"pivot": [3.7, 3.25, -4.92],
					"cubes": [
						{"origin": [2.7, 2.75, -4.92], "size": [2, 1, 0], "uv": [0, 47]}
					]
				},
				{
					"name": "eye_right",
					"parent": "face",
					"pivot": [-3.65, 3.35, -4.95],
					"rotation": [0, 0, 7.5],
					"cubes": [
						{"origin": [-4.7, 2.25221, -5.01], "size": [2, 2, 0], "uv": [6, 0], "mirror": true}
					]
				},
				{
					"name": "pupil_right_open",
					"parent": "eye_right",
					"pivot": [-3.66208, 3.48772, -4.91005],
					"cubes": [
						{"origin": [-4.5, 3.1, -4.906], "size": [1, 1, 0], "inflate": 0.1, "pivot": [-3.69658, 3.95221, -5.01], "rotation": [-0.35356, -0.35355, -44.99891], "uv": [0, 0], "mirror": true}
					]
				},
				{
					"name": "pupil_right_closed",
					"parent": "eye_right",
					"pivot": [-3.7, 3.25221, -4.92],
					"cubes": [
						{"origin": [-4.7, 2.75221, -4.92], "size": [2, 1, 0], "uv": [0, 49], "mirror": true}
					]
				},
				{
					"name": "mouth_left",
					"parent": "face",
					"pivot": [1.09659, 3.3, -4.97412],
					"rotation": [0, -15, 0],
					"cubes": [
						{"origin": [0.1, 2.3, -6], "size": [2, 2, 2], "inflate": 0.25, "uv": [0, 42]}
					]
				},
				{
					"name": "mouth_right",
					"parent": "face",
					"pivot": [-1.09659, 3.3, -4.97412],
					"rotation": [0, 15, 0],
					"cubes": [
						{"origin": [-2.1, 2.3, -6], "size": [2, 2, 2], "inflate": 0.25, "uv": [8, 42]}
					]
				},
				{
					"name": "leg_left1",
					"parent": "body",
					"pivot": [3, 2.05, -3],
					"rotation": [0, -45, 0],
					"cubes": [
						{"origin": [2.5, 0.1, -3.5], "size": [1, 1, 1], "uv": [0, 24]},
						{"origin": [2, 1, -4], "size": [2, 3, 2], "inflate": -0.01, "uv": [28, 34]}
					]
				},
				{
					"name": "leg_right1",
					"parent": "body",
					"pivot": [-3, 2.05, -3],
					"rotation": [0, 45, 0],
					"cubes": [
						{"origin": [-3.5, 0.1, -3.5], "size": [1, 1, 1], "uv": [0, 19]},
						{"origin": [-4, 1, -4], "size": [2, 3, 2], "inflate": -0.01, "uv": [34, 17]}
					]
				},
				{
					"name": "leg_left2",
					"parent": "body",
					"pivot": [3, 2.05, 3],
					"rotation": [0, 45, 0],
					"cubes": [
						{"origin": [2.5, 0.1, 2.5], "size": [1, 1, 1], "uv": [6, 5]},
						{"origin": [2, 1, 2], "size": [2, 3, 2], "inflate": -0.01, "uv": [0, 0]}
					]
				},
				{
					"name": "leg_right2",
					"parent": "body",
					"pivot": [-3, 2.05, 3],
					"rotation": [0, -45, 0],
					"cubes": [
						{"origin": [-3.5, 0.1, 2.5], "size": [1, 1, 1], "uv": [0, 17]},
						{"origin": [-4, 1, 2], "size": [2, 3, 2], "inflate": -0.01, "uv": [0, 5]}
					]
				}
			]
		}
	]
}