{
  "portraitScale": 2.3,
  "portraitTranslation": [0.0, 1.1, 0.0],
  "profileScale": 1.0,
  "profileTranslation": [0.0, -0.5, 0.0],
    "poses": {

      "standing": {
        "poseName": "standing",
        "transformTicks": 10,
        "poseTypes": [
          "STAND",
          "NONE",
          "PORTRAIT",
          "PROFILE"
        ],
        "animations": [
          "look",
          "bedrock(growlithe, idle)"
        ]

          }
        
      }
      
    }
