{
	"format_version": "1.12.0",
	"minecraft:geometry": [
		{
			"description": {
				"identifier": "geometry.marill",
				"texture_width": 32,
				"texture_height": 32,
				"visible_bounds_width": 6,
				"visible_bounds_height": 2.5,
				"visible_bounds_offset": [0, 0.75, 0]
			},
			"bones": [
				{
					"name": "marill",
					"pivot": [0, 0, 0]
				},
				{
					"name": "lfoot",
					"parent": "marill",
					"pivot": [2, 0.5, -1],
					"cubes": [
						{"origin": [1, 0, -3], "size": [2, 1, 4], "pivot": [2, 0.5, -1], "rotation": [0, -25, 0], "uv": [20, 0]}
					]
				},
				{
					"name": "rfoot",
					"parent": "marill",
					"pivot": [-2, 0.5, -1],
					"cubes": [
						{"origin": [-3, 0, -3], "size": [2, 1, 4], "pivot": [-2, 0.5, -1], "rotation": [0, 25, 0], "uv": [20, 0], "mirror": true}
					]
				},
				{
					"name": "bb_upperbdody",
					"parent": "marill",
					"pivot": [0, 6.33333, 0],
					"cubes": [
						{"origin": [-3, 1, -3], "size": [6, 6, 6], "uv": [0, 6]},
						{"origin": [-4.3, 6, -1], "size": [3, 3, 2], "pivot": [-2.8, 7.5, 0], "rotation": [0, -10, -25], "uv": [0, 0], "mirror": true},
						{"origin": [1.3, 6, -1], "size": [3, 3, 2], "pivot": [2.8, 7.5, 0], "rotation": [0, 10, 25], "uv": [0, 0]}
					]
				},
				{
					"name": "face",
					"parent": "bb_upperbdody",
					"pivot": [0, 5.03333, -3.025],
					"cubes": [
						{"origin": [-1, 3.7, -3.01], "size": [2, 2, 0], "uv": [15, 28]}
					]
				},
				{
					"name": "face01",
					"parent": "face",
					"pivot": [0, 5.03333, -3.025],
					"cubes": [
						{"origin": [-2.5, 4.2, -3.01], "size": [2, 2, 0], "uv": [15, 30]},
						{"origin": [-2.1, 4.6, -3.015], "size": [1, 1, 0], "uv": [15, 26]},
						{"origin": [1.1, 4.6, -3.015], "size": [1, 1, 0], "uv": [15, 26], "mirror": true},
						{"origin": [0.5, 4.2, -3.01], "size": [2, 2, 0], "uv": [15, 30], "mirror": true}
					]
				},
				{
					"name": "face2",
					"parent": "face",
					"pivot": [0, 5.03333, -2.025],
					"cubes": [
						{"origin": [-2.4, 4.45, -2.01], "size": [2, 2, 0], "uv": [0, 24]},
						{"origin": [-2, 4.75, -2.015], "size": [1, 1, 0], "uv": [0, 20]},
						{"origin": [1, 4.75, -2.015], "size": [1, 1, 0], "uv": [0, 20], "mirror": true},
						{"origin": [0.4, 4.45, -2.01], "size": [2, 2, 0], "uv": [0, 24], "mirror": true}
					]
				},
				{
					"name": "bb_leaftarm",
					"parent": "bb_upperbdody",
					"pivot": [2.5, 3.5, -0.5],
					"cubes": [
						{"origin": [2, 2.5, -1.5], "size": [3, 2, 2], "pivot": [3.5, 3.5, -0.5], "rotation": [0, 20, 25], "uv": [12, 22]}
					]
				},
				{
					"name": "bb_rightarm",
					"parent": "bb_upperbdody",
					"pivot": [-2.5, 3.5, -0.5],
					"cubes": [
						{"origin": [-5, 2.5, -1.5], "size": [3, 2, 2], "pivot": [-3.5, 3.5, -0.5], "rotation": [0, -20, -25], "uv": [12, 22], "mirror": true}
					]
				},
				{
					"name": "bb_tail",
					"parent": "bb_upperbdody",
					"pivot": [0, 1.5, 3],
					"cubes": [
						{"origin": [0, 0, 3.5], "size": [0, 3, 3], "pivot": [0, 2.5, 6], "rotation": [-30, 0, 0], "uv": [24, 26]}
					]
				},
				{
					"name": "bb_tail2",
					"parent": "bb_tail",
					"pivot": [0, 2.4, 6.175],
					"cubes": [
						{"origin": [0, 1.875, 5.46651], "size": [0, 3, 2], "pivot": [0, 2.375, 6.21651], "rotation": [-30, 0, 0], "uv": [23, 20]}
					]
				},
				{
					"name": "bb_tailBall",
					"parent": "bb_tail2",
					"pivot": [0, 3.8, 8.2],
					"cubes": [
						{"origin": [-1.5, 4.2, 8.2], "size": [3, 3, 3], "pivot": [0, 5.7, 9.7], "rotation": [24.03208, 42.406, 16.73634], "uv": [0, 26]}
					]
				}
			]
		}
	]
}